cell	rho	k	n	dist	method	n_rep	n_abort	coverage_uncond	coverage_nonabort	lo_miss	hi_miss	med_width	width_ratio_vs_mc
1	0.05	10	5	gaussian	burch	2000	0	0.991	0.991	0.009	0	0.4485464978	0.6669718732
1	0.05	10	5	gaussian	mc	2000	764	0.5535	0.895631068	0.104368932	0	0.6725118643	1
1	0.05	10	5	gaussian	npbootstrap	2000	0	0.9395	0.9395	0.0315	0.029	0.5815248001	0.8647056371
1	0.05	10	5	gaussian	searle	2000	0	0.9565	0.9565	0.0195	0.024	0.4959483451	0.7374566479
2	0.05	10	5	t5	burch	2000	0	0.9835	0.9835	0.0165	0	0.4554428068	0.6959284547
2	0.05	10	5	t5	mc	2000	756	0.548	0.8810289389	0.1189710611	0	0.6544391219	1
2	0.05	10	5	t5	npbootstrap	2000	0	0.9295	0.9295	0.036	0.0345	0.5975753744	0.9131107148
2	0.05	10	5	t5	searle	2000	0	0.9445	0.9445	0.0285	0.027	0.5053824029	0.7722374565
3	0.05	10	5	uniform	burch	2000	0	0.9875	0.9875	0.0125	0	0.4536914834	0.6803114836
3	0.05	10	5	uniform	mc	2000	723	0.5665	0.8872357087	0.1127642913	0	0.6668878805	1
3	0.05	10	5	uniform	npbootstrap	2000	0	0.942	0.942	0.033	0.025	0.5830497549	0.8742845266
3	0.05	10	5	uniform	searle	2000	0	0.9485	0.9485	0.0245	0.027	0.5045127423	0.7565180852
4	0.05	10	5	chisq1	burch	2000	0	0.983	0.983	0.017	0	0.4472262931	0.6915140476
4	0.05	10	5	chisq1	mc	2000	791	0.526	0.8701406121	0.1298593879	0	0.6467349357	1
4	0.05	10	5	chisq1	npbootstrap	2000	0	0.939	0.939	0.0285	0.0325	0.603639828	0.9333651156
4	0.05	10	5	chisq1	searle	2000	0	0.935	0.935	0.034	0.031	0.4973397038	0.7690008322
5	0.05	30	5	gaussian	burch	2000	0	0.975	0.975	0.025	0	0.257240644	0.6811565284
5	0.05	30	5	gaussian	mc	2000	528	0.666	0.9048913043	0.09510869565	0	0.3776527615	1
5	0.05	30	5	gaussian	npbootstrap	2000	0	0.919	0.919	0.036	0.045	0.2710847832	0.7178149106
5	0.05	30	5	gaussian	searle	2000	0	0.93	0.93	0.0345	0.0355	0.2679481803	0.7095093897
6	0.05	30	5	t5	burch	2000	0	0.98	0.98	0.02	0	0.2576883264	0.6932457584
6	0.05	30	5	t5	mc	2000	529	0.6615	0.8993881713	0.1006118287	0	0.3717128064	1
6	0.05	30	5	t5	npbootstrap	2000	0	0.9405	0.9405	0.0255	0.034	0.2755422479	0.7412772527
6	0.05	30	5	t5	searle	2000	0	0.9425	0.9425	0.0265	0.031	0.267480109	0.7195880918
7	0.05	30	5	uniform	burch	2000	0	0.986	0.986	0.014	0	0.2583980331	0.6939749988
7	0.05	30	5	uniform	mc	2000	493	0.6865	0.9110816191	0.08891838089	0	0.3723448735	1
7	0.05	30	5	uniform	npbootstrap	2000	0	0.9435	0.9435	0.025	0.0315	0.2681808838	0.7202486267
7	0.05	30	5	uniform	searle	2000	0	0.951	0.951	0.019	0.03	0.2690025552	0.7224553748
8	0.05	30	5	chisq1	burch	2000	0	0.9695	0.9695	0.0305	0	0.25682679	0.6942634135
8	0.05	30	5	chisq1	mc	2000	558	0.635	0.8807212205	0.1192787795	0	0.3699270119	1
8	0.05	30	5	chisq1	npbootstrap	2000	0	0.929	0.929	0.0305	0.0405	0.2853686415	0.7714187726
8	0.05	30	5	chisq1	searle	2000	0	0.927	0.927	0.0375	0.0355	0.267770888	0.7238478927
9	0.05	50	5	gaussian	burch	2000	0	0.983	0.983	0.017	0	0.1999991985	0.7289231491
9	0.05	50	5	gaussian	mc	2000	344	0.7615	0.9196859903	0.08031400966	0	0.2743762477	1
9	0.05	50	5	gaussian	npbootstrap	2000	0	0.942	0.942	0.0275	0.0305	0.2058570253	0.7502727623
9	0.05	50	5	gaussian	searle	2000	0	0.9485	0.9485	0.0235	0.028	0.2050470141	0.7473205711
10	0.05	50	5	t5	burch	2000	0	0.9755	0.9755	0.0245	0	0.1992652266	0.7214437893
10	0.05	50	5	t5	mc	2000	349	0.7595	0.9200484555	0.07995154452	0	0.2762033987	1
10	0.05	50	5	t5	npbootstrap	2000	0	0.9435	0.9435	0.029	0.0275	0.2091976595	0.757404364
10	0.05	50	5	t5	searle	2000	0	0.9425	0.9425	0.031	0.0265	0.2043087385	0.7397039263
11	0.05	50	5	uniform	burch	2000	0	0.9805	0.9805	0.0195	0	0.1993352489	0.7196923151
11	0.05	50	5	uniform	mc	2000	344	0.7655	0.9245169082	0.07548309179	0	0.276972874	1
11	0.05	50	5	uniform	npbootstrap	2000	0	0.9435	0.9435	0.029	0.0275	0.2042317437	0.7373709227
11	0.05	50	5	uniform	searle	2000	0	0.952	0.952	0.026	0.022	0.2045673731	0.7385827001
12	0.05	50	5	chisq1	burch	2000	0	0.9765	0.9765	0.0235	0	0.1995047332	0.7338490497
12	0.05	50	5	chisq1	mc	2000	387	0.7325	0.9082455053	0.09175449473	0	0.271860723	1
12	0.05	50	5	chisq1	npbootstrap	2000	0	0.9425	0.9425	0.024	0.0335	0.2139903202	0.7871321675
12	0.05	50	5	chisq1	searle	2000	0	0.928	0.928	0.0315	0.0405	0.2044798628	0.752149338
13	0.05	10	2	gaussian	burch	2000	0	0.969	0.969	0.031	0	1.066330499	1.208117262
13	0.05	10	2	gaussian	mc	2000	835	0.42	0.7210300429	0.2789699571	0	0.8826382445	1
13	0.05	10	2	gaussian	npbootstrap	2000	0	0.9335	0.9335	0.045	0.0215	1.252843718	1.419430583
13	0.05	10	2	gaussian	searle	2000	0	0.955	0.955	0.0235	0.0215	1.136915895	1.288088186
14	0.05	10	2	t5	burch	2000	0	0.975	0.975	0.025	0	1.064713667	1.214421015
14	0.05	10	2	t5	mc	2000	889	0.4085	0.7353735374	0.2646264626	0	0.8767253319	1
14	0.05	10	2	t5	npbootstrap	2000	0	0.9365	0.9365	0.0375	0.026	1.231951462	1.405173795
14	0.05	10	2	t5	searle	2000	0	0.9525	0.9525	0.0215	0.026	1.137770851	1.297750629
15	0.05	10	2	uniform	burch	2000	0	0.967	0.967	0.033	0	1.062363297	1.209966661
15	0.05	10	2	uniform	mc	2000	914	0.3935	0.7246777164	0.2753222836	0	0.8780103878	1
15	0.05	10	2	uniform	npbootstrap	2000	0	0.928	0.928	0.042	0.03	1.230793446	1.401798274
15	0.05	10	2	uniform	searle	2000	0	0.947	0.947	0.0265	0.0265	1.139108444	1.297374677
16	0.05	10	2	chisq1	burch	2000	0	0.9695	0.9695	0.0305	0	1.059284304	1.196460768
16	0.05	10	2	chisq1	mc	2000	891	0.406	0.7321911632	0.2678088368	0	0.8853481305	1
16	0.05	10	2	chisq1	npbootstrap	2000	0	0.926	0.926	0.049	0.025	1.232571857	1.39218892
16	0.05	10	2	chisq1	searle	2000	0	0.952	0.952	0.0235	0.0245	1.140066709	1.287704429
17	0.1	10	5	gaussian	burch	2000	0	0.988	0.988	0.012	0	0.4858006112	0.7983267295
17	0.1	10	5	gaussian	mc	2000	524	0.691	0.9363143631	0.06368563686	0	0.6085235446	1
17	0.1	10	5	gaussian	npbootstrap	2000	0	0.9315	0.9315	0.035	0.0335	0.6136067586	1.008353356
17	0.1	10	5	gaussian	searle	2000	0	0.9505	0.9505	0.025	0.0245	0.5397855675	0.8870413845
18	0.1	10	5	t5	burch	2000	0	0.9805	0.9805	0.0195	0	0.4901516188	0.8155678407
18	0.1	10	5	t5	mc	2000	508	0.6935	0.9296246649	0.07037533512	0	0.6009942943	1
18	0.1	10	5	t5	npbootstrap	2000	0	0.937	0.937	0.033	0.03	0.6297402481	1.04783066
18	0.1	10	5	t5	searle	2000	0	0.939	0.939	0.0345	0.0265	0.5428184721	0.903200708
19	0.1	10	5	uniform	burch	2000	0	0.988	0.988	0.012	0	0.4857569228	0.7970582485
19	0.1	10	5	uniform	mc	2000	483	0.717	0.9452867502	0.05471324984	0	0.6094371694	1
19	0.1	10	5	uniform	npbootstrap	2000	0	0.9435	0.9435	0.0305	0.026	0.6078709585	0.99743007
19	0.1	10	5	uniform	searle	2000	0	0.9575	0.9575	0.023	0.0195	0.5409909034	0.8876893807
20	0.1	10	5	chisq1	burch	2000	0	0.968	0.968	0.032	0	0.477127867	0.7827652044
20	0.1	10	5	chisq1	mc	2000	591	0.643	0.9127040454	0.08729595458	0	0.6095414875	1
20	0.1	10	5	chisq1	npbootstrap	2000	0	0.94	0.94	0.0285	0.0315	0.638104847	1.046860403
20	0.1	10	5	chisq1	searle	2000	0	0.9215	0.9215	0.0465	0.032	0.5274778002	0.8653681678
21	0.1	30	5	gaussian	burch	2000	0	0.985	0.985	0.015	0	0.2851039575	0.8494991356
21	0.1	30	5	gaussian	mc	2000	163	0.8725	0.9499183451	0.05008165487	0	0.335614182	1
21	0.1	30	5	gaussian	npbootstrap	2000	0	0.94	0.94	0.0325	0.0275	0.2967486858	0.8841959062
21	0.1	30	5	gaussian	searle	2000	0	0.9555	0.9555	0.023	0.0215	0.2957472051	0.8812118824
22	0.1	30	5	t5	burch	2000	0	0.968	0.968	0.032	0	0.2818470071	0.8320628627
22	0.1	30	5	t5	mc	2000	209	0.834	0.9313232831	0.06867671692	0	0.3387328286	1
22	0.1	30	5	t5	npbootstrap	2000	0	0.9365	0.9365	0.0295	0.034	0.3036443131	0.8964124155
22	0.1	30	5	t5	searle	2000	0	0.929	0.929	0.0425	0.0285	0.2916887556	0.8611174676
23	0.1	30	5	uniform	burch	2000	0	0.982	0.982	0.018	0	0.2830143648	0.840299722
23	0.1	30	5	uniform	mc	2000	160	0.8795	0.9559782609	0.04402173913	0	0.336801688	1
23	0.1	30	5	uniform	npbootstrap	2000	0	0.9415	0.9415	0.0315	0.027	0.2903512707	0.8620837752
23	0.1	30	5	uniform	searle	2000	0	0.953	0.953	0.025	0.022	0.2940669363	0.8731159811
24	0.1	30	5	chisq1	burch	2000	0	0.9475	0.9475	0.0525	0	0.2824638948	0.8364385287
24	0.1	30	5	chisq1	mc	2000	254	0.791	0.9060710195	0.09392898053	0	0.3376983306	1
24	0.1	30	5	chisq1	npbootstrap	2000	0	0.9215	0.9215	0.035	0.0435	0.3244644486	0.9608115266
24	0.1	30	5	chisq1	searle	2000	0	0.893	0.893	0.063	0.044	0.2940814034	0.8708405603
25	0.1	50	5	gaussian	burch	2000	0	0.9595	0.9595	0.0165	0.024	0.2204427574	0.8813963463
25	0.1	50	5	gaussian	mc	2000	88	0.916	0.9581589958	0.04184100418	0	0.2501062754	1
25	0.1	50	5	gaussian	npbootstrap	2000	0	0.9415	0.9415	0.025	0.0335	0.2256941264	0.9023928968
25	0.1	50	5	gaussian	searle	2000	0	0.948	0.948	0.021	0.031	0.2258983929	0.9032096154
26	0.1	50	5	t5	burch	2000	0	0.9485	0.9485	0.026	0.0255	0.2190286784	0.872236953
26	0.1	50	5	t5	mc	2000	80	0.9075	0.9453125	0.0546875	0	0.2511114413	1
26	0.1	50	5	t5	npbootstrap	2000	0	0.945	0.945	0.0245	0.0305	0.2360920338	0.9401882789
26	0.1	50	5	t5	searle	2000	0	0.9345	0.9345	0.0345	0.031	0.224111597	0.8924786373
27	0.1	50	5	uniform	burch	2000	0	0.9625	0.9625	0.0175	0.02	0.2190409121	0.8722577837
27	0.1	50	5	uniform	mc	2000	62	0.927	0.9566563467	0.04334365325	0	0.2511194698	1
27	0.1	50	5	uniform	npbootstrap	2000	0	0.9375	0.9375	0.032	0.0305	0.2193501669	0.873489288
27	0.1	50	5	uniform	searle	2000	0	0.954	0.954	0.0235	0.0225	0.2242422788	0.8929705013
28	0.1	50	5	chisq1	burch	2000	0	0.926	0.926	0.04	0.034	0.2178966941	0.862836299
28	0.1	50	5	chisq1	mc	2000	118	0.8635	0.9176408077	0.08235919235	0	0.2525353817	1
28	0.1	50	5	chisq1	npbootstrap	2000	0	0.93	0.93	0.025	0.045	0.2519957536	0.9978631585
28	0.1	50	5	chisq1	searle	2000	0	0.899	0.899	0.053	0.048	0.2232843402	0.8841705219
29	0.1	10	2	gaussian	burch	2000	0	0.9645	0.9645	0.0355	0	1.057392283	1.210256036
29	0.1	10	2	gaussian	mc	2000	801	0.493	0.82235196	0.17764804	0	0.8736930466	1
29	0.1	10	2	gaussian	npbootstrap	2000	0	0.9235	0.9235	0.0515	0.025	1.231048994	1.409017731
29	0.1	10	2	gaussian	searle	2000	0	0.9505	0.9505	0.0265	0.023	1.13799443	1.302510572
30	0.1	10	2	t5	burch	2000	0	0.9595	0.9595	0.0405	0	1.05848437	1.219000343
30	0.1	10	2	t5	mc	2000	761	0.4815	0.7772397094	0.2227602906	0	0.8683216336	1
30	0.1	10	2	t5	npbootstrap	2000	0	0.921	0.921	0.054	0.025	1.207954469	1.391137134
30	0.1	10	2	t5	searle	2000	0	0.9435	0.9435	0.0295	0.027	1.13393959	1.305898121
31	0.1	10	2	uniform	burch	2000	0	0.9635	0.9635	0.0365	0	1.05785578	1.224098036
31	0.1	10	2	uniform	mc	2000	823	0.4685	0.7960917587	0.2039082413	0	0.8641920406	1
31	0.1	10	2	uniform	npbootstrap	2000	0	0.926	0.926	0.0495	0.0245	1.226017263	1.418686131
31	0.1	10	2	uniform	searle	2000	0	0.9505	0.9505	0.028	0.0215	1.135970858	1.314488916
32	0.1	10	2	chisq1	burch	2000	0	0.9675	0.9675	0.0325	0	1.055965079	1.216048918
32	0.1	10	2	chisq1	mc	2000	794	0.4805	0.7968490879	0.2031509121	0	0.8683574021	1
32	0.1	10	2	chisq1	npbootstrap	2000	0	0.9325	0.9325	0.044	0.0235	1.259194033	1.450087291
32	0.1	10	2	chisq1	searle	2000	0	0.949	0.949	0.027	0.024	1.134449998	1.306432115
33	0.3	10	5	gaussian	burch	2000	0	0.9325	0.9325	0.014	0.0535	0.5566479891	0.9770222451
33	0.3	10	5	gaussian	mc	2000	65	0.945	0.976744186	0.02325581395	0	0.5697393195	1
33	0.3	10	5	gaussian	npbootstrap	2000	0	0.9345	0.9345	0.0385	0.027	0.6531883874	1.146468859
33	0.3	10	5	gaussian	searle	2000	0	0.951	0.951	0.023	0.026	0.6000022529	1.053117158
34	0.3	10	5	t5	burch	2000	0	0.897	0.897	0.021	0.082	0.5503823722	0.9641225602
34	0.3	10	5	t5	mc	2000	125	0.907	0.9674666667	0.03253333333	0	0.5708634928	1
34	0.3	10	5	t5	npbootstrap	2000	0	0.926	0.926	0.0255	0.0485	0.6773453343	1.186527677
34	0.3	10	5	t5	searle	2000	0	0.9235	0.9235	0.0325	0.044	0.5941753325	1.040836102
35	0.3	10	5	uniform	burch	2000	0	0.9615	0.9615	0.0085	0.03	0.5619122771	0.9863726333
35	0.3	10	5	uniform	mc	2000	36	0.97	0.9877800407	0.01221995927	0	0.5696754534	1
35	0.3	10	5	uniform	npbootstrap	2000	0	0.9295	0.9295	0.047	0.0235	0.6157097863	1.080807998
35	0.3	10	5	uniform	searle	2000	0	0.9755	0.9755	0.0145	0.01	0.602157548	1.057018596
36	0.3	10	5	chisq1	burch	2000	0	0.803	0.803	0.0485	0.1485	0.5365467976	0.9384424228
36	0.3	10	5	chisq1	mc	2000	233	0.823	0.9315223543	0.06847764573	0	0.57174184	1
36	0.3	10	5	chisq1	npbootstrap	2000	0	0.905	0.905	0.027	0.068	0.7380177827	1.290823464
36	0.3	10	5	chisq1	searle	2000	0	0.848	0.848	0.0635	0.0885	0.5792291889	1.013095681
37	0.3	30	5	gaussian	burch	2000	0	0.938	0.938	0.019	0.043	0.336948123	0.9900657575
37	0.3	30	5	gaussian	mc	2000	2	0.973	0.973973974	0.02602602603	0	0.3403290342	1
37	0.3	30	5	gaussian	npbootstrap	2000	0	0.9405	0.9405	0.031	0.0285	0.3514541979	1.032689435
37	0.3	30	5	gaussian	searle	2000	0	0.948	0.948	0.0265	0.0255	0.3490869315	1.025733618
38	0.3	30	5	t5	burch	2000	0	0.9045	0.9045	0.0385	0.057	0.3353437883	0.9887034031
38	0.3	30	5	t5	mc	2000	3	0.9485	0.9499248873	0.05007511267	0	0.3391753151	1
38	0.3	30	5	t5	npbootstrap	2000	0	0.9385	0.9385	0.0225	0.039	0.3866507084	1.13997302
38	0.3	30	5	t5	searle	2000	0	0.9125	0.9125	0.051	0.0365	0.3467156426	1.022231357
39	0.3	30	5	uniform	burch	2000	0	0.966	0.966	0.011	0.023	0.3366144195	0.9882094152
39	0.3	30	5	uniform	mc	2000	0	0.983	0.983	0.017	0	0.3406306541	1
39	0.3	30	5	uniform	npbootstrap	2000	0	0.9465	0.9465	0.033	0.0205	0.3170787995	0.9308580885
39	0.3	30	5	uniform	searle	2000	0	0.968	0.968	0.0175	0.0145	0.3499637153	1.027399358
40	0.3	30	5	chisq1	burch	2000	0	0.774	0.774	0.0725	0.1535	0.3328995532	0.9846018088
40	0.3	30	5	chisq1	mc	2000	10	0.9025	0.9070351759	0.09296482412	0	0.3381057705	1
40	0.3	30	5	chisq1	npbootstrap	2000	0	0.892	0.892	0.0175	0.0905	0.4750873528	1.405144172
40	0.3	30	5	chisq1	searle	2000	0	0.7775	0.7775	0.093	0.1295	0.3418647789	1.011117848
41	0.3	50	5	gaussian	burch	2000	0	0.9425	0.9425	0.0225	0.035	0.2642963302	0.9934723907
41	0.3	50	5	gaussian	mc	2000	0	0.9585	0.9585	0.032	0.0095	0.266032889	1
41	0.3	50	5	gaussian	npbootstrap	2000	0	0.9395	0.9395	0.033	0.0275	0.2722444502	1.023348847
41	0.3	50	5	gaussian	searle	2000	0	0.9455	0.9455	0.03	0.0245	0.2705148136	1.016847258
42	0.3	50	5	t5	burch	2000	0	0.884	0.884	0.0505	0.0655	0.2640125437	0.9983033324
42	0.3	50	5	t5	mc	2000	0	0.911	0.911	0.0635	0.0255	0.2644612465	1
42	0.3	50	5	t5	npbootstrap	2000	0	0.9295	0.9295	0.025	0.0455	0.3020985496	1.142316894
42	0.3	50	5	t5	searle	2000	0	0.8885	0.8885	0.061	0.0505	0.2690715305	1.01743274
43	0.3	50	5	uniform	burch	2000	0	0.9755	0.9755	0.0095	0.015	0.2641654546	0.9917768721
43	0.3	50	5	uniform	mc	2000	0	0.982	0.982	0.0145	0.0035	0.2663557318	1
43	0.3	50	5	uniform	npbootstrap	2000	0	0.9535	0.9535	0.03	0.0165	0.2405369252	0.90306645
43	0.3	50	5	uniform	searle	2000	0	0.9775	0.9775	0.0135	0.009	0.2709383622	1.017204925
44	0.3	50	5	chisq1	burch	2000	0	0.7675	0.7675	0.093	0.1395	0.2642927687	1.004854462
44	0.3	50	5	chisq1	mc	2000	3	0.8255	0.8267401102	0.1081622434	0.06509764647	0.2630159677	1
44	0.3	50	5	chisq1	npbootstrap	2000	0	0.9175	0.9175	0.0155	0.067	0.4017881463	1.527618836
44	0.3	50	5	chisq1	searle	2000	0	0.772	0.772	0.107	0.121	0.2668015773	1.014393079
45	0.3	10	2	gaussian	burch	2000	0	0.973	0.973	0.027	0	1.010014491	1.246827005
45	0.3	10	2	gaussian	mc	2000	361	0.767	0.9359365467	0.06406345333	0	0.8100678657	1
45	0.3	10	2	gaussian	npbootstrap	2000	0	0.934	0.934	0.0415	0.0245	1.140782064	1.408254928
45	0.3	10	2	gaussian	searle	2000	0	0.953	0.953	0.0205	0.0265	1.08969583	1.345190787
46	0.3	10	2	t5	burch	2000	0	0.9685	0.9685	0.0315	0	1.017775258	1.256009636
46	0.3	10	2	t5	mc	2000	411	0.7315	0.9207048458	0.07929515419	0	0.8103244023	1
46	0.3	10	2	t5	npbootstrap	2000	0	0.936	0.936	0.0385	0.0255	1.176774572	1.452226502
46	0.3	10	2	t5	searle	2000	0	0.9405	0.9405	0.0235	0.036	1.095109815	1.351446176
47	0.3	10	2	uniform	burch	2000	0	0.969	0.969	0.031	0	1.014114805	1.2458895
47	0.3	10	2	uniform	mc	2000	317	0.777	0.9233511586	0.07664884135	0	0.8139684982	1
47	0.3	10	2	uniform	npbootstrap	2000	0	0.926	0.926	0.0515	0.0225	1.159158272	1.424082473
47	0.3	10	2	uniform	searle	2000	0	0.9585	0.9585	0.0215	0.02	1.093421868	1.343322095
48	0.3	10	2	chisq1	burch	2000	0	0.96	0.96	0.04	0	1.018748514	1.256633272
48	0.3	10	2	chisq1	mc	2000	457	0.691	0.8956578095	0.1043421905	0	0.8106967539	1
48	0.3	10	2	chisq1	npbootstrap	2000	0	0.923	0.923	0.0365	0.0405	1.213256116	1.49655973
48	0.3	10	2	chisq1	searle	2000	0	0.917	0.917	0.038	0.045	1.095164952	1.350893471
49	0.6	10	5	gaussian	burch	2000	0	0.9365	0.9365	0.0145	0.049	0.5302015296	1.033640492
49	0.6	10	5	gaussian	mc	2000	2	0.981	0.981981982	0.01651651652	0.001501501502	0.5129457813	1
49	0.6	10	5	gaussian	npbootstrap	2000	0	0.939	0.939	0.037	0.024	0.5611793727	1.094032534
49	0.6	10	5	gaussian	searle	2000	0	0.953	0.953	0.026	0.021	0.5298046517	1.032866769
50	0.6	10	5	t5	burch	2000	0	0.868	0.868	0.031	0.101	0.5374733059	1.019526695
50	0.6	10	5	t5	mc	2000	6	0.961	0.963891675	0.03460381143	0.001504513541	0.5271792379	1
50	0.6	10	5	t5	npbootstrap	2000	0	0.916	0.916	0.036	0.048	0.6148803166	1.166359129
50	0.6	10	5	t5	searle	2000	0	0.8975	0.8975	0.0475	0.055	0.5470219565	1.037639416
51	0.6	10	5	uniform	burch	2000	0	0.968	0.968	0.0055	0.0265	0.5249225697	1.029288469
51	0.6	10	5	uniform	mc	2000	1	0.9945	0.9949974987	0.005002501251	0	0.5099858644	1
51	0.6	10	5	uniform	npbootstrap	2000	0	0.947	0.947	0.034	0.019	0.5024402256	0.9852042196
51	0.6	10	5	uniform	searle	2000	0	0.983	0.983	0.0075	0.0095	0.5252371273	1.029905266
52	0.6	10	5	chisq1	burch	2000	0	0.7055	0.7055	0.056	0.2385	0.5348093596	0.9764486252
52	0.6	10	5	chisq1	mc	2000	56	0.9015	0.9274691358	0.06738683128	0.005144032922	0.5477086514	1
52	0.6	10	5	chisq1	npbootstrap	2000	0	0.873	0.873	0.019	0.108	0.7214149405	1.317150895
52	0.6	10	5	chisq1	searle	2000	0	0.7535	0.7535	0.0775	0.169	0.5572716655	1.017460038
53	0.6	30	5	gaussian	burch	2000	0	0.9485	0.9485	0.0145	0.037	0.3061329083	1.010726452
53	0.6	30	5	gaussian	mc	2000	0	0.956	0.956	0.0165	0.0275	0.3028840373	1
53	0.6	30	5	gaussian	npbootstrap	2000	0	0.9405	0.9405	0.034	0.0255	0.3062605407	1.011147842
53	0.6	30	5	gaussian	searle	2000	0	0.9545	0.9545	0.0215	0.024	0.3063854002	1.011560077
54	0.6	30	5	t5	burch	2000	0	0.8625	0.8625	0.038	0.0995	0.3151469258	1.014050992
54	0.6	30	5	t5	mc	2000	0	0.875	0.875	0.0445	0.0805	0.3107801564	1
54	0.6	30	5	t5	npbootstrap	2000	0	0.923	0.923	0.015	0.062	0.3673475334	1.182017339
54	0.6	30	5	t5	searle	2000	0	0.873	0.873	0.0545	0.0725	0.3151886019	1.014185093
55	0.6	30	5	uniform	burch	2000	0	0.9875	0.9875	0.005	0.0075	0.3041523082	1.003918923
55	0.6	30	5	uniform	mc	2000	0	0.9875	0.9875	0.0055	0.007	0.3029650116	1
55	0.6	30	5	uniform	npbootstrap	2000	0	0.954	0.954	0.0325	0.0135	0.2503478139	0.8263258276
55	0.6	30	5	uniform	searle	2000	0	0.988	0.988	0.007	0.005	0.3067181381	1.012387987
56	0.6	30	5	chisq1	burch	2000	0	0.6655	0.6655	0.098	0.2365	0.3201284589	1.015652693
56	0.6	30	5	chisq1	mc	2000	0	0.676	0.676	0.107	0.217	0.3151948114	1
56	0.6	30	5	chisq1	npbootstrap	2000	0	0.8755	0.8755	0.0195	0.105	0.4981534797	1.580462183
56	0.6	30	5	chisq1	searle	2000	0	0.679	0.679	0.1145	0.2065	0.3185021606	1.010493032
57	0.6	50	5	gaussian	burch	2000	0	0.942	0.942	0.021	0.037	0.238445577	1.008112279
57	0.6	50	5	gaussian	mc	2000	0	0.949	0.949	0.021	0.03	0.2365268056	1
57	0.6	50	5	gaussian	npbootstrap	2000	0	0.9425	0.9425	0.037	0.0205	0.2370768747	1.00232561
57	0.6	50	5	gaussian	searle	2000	0	0.9455	0.9455	0.029	0.0255	0.2383819139	1.007843121
58	0.6	50	5	t5	burch	2000	0	0.846	0.846	0.059	0.095	0.2440011097	1.012735755
58	0.6	50	5	t5	mc	2000	0	0.849	0.849	0.065	0.086	0.2409326504	1
58	0.6	50	5	t5	npbootstrap	2000	0	0.922	0.922	0.0175	0.0605	0.288238479	1.196344616
58	0.6	50	5	t5	searle	2000	0	0.8445	0.8445	0.075	0.0805	0.2433299865	1.009950234
59	0.6	50	5	uniform	burch	2000	0	0.9855	0.9855	0.005	0.0095	0.2366410664	1.001461299
59	0.6	50	5	uniform	mc	2000	0	0.987	0.987	0.006	0.007	0.2362957676	1
59	0.6	50	5	uniform	npbootstrap	2000	0	0.9555	0.9555	0.029	0.0155	0.1921600475	0.8132183214
59	0.6	50	5	uniform	searle	2000	0	0.987	0.987	0.008	0.005	0.2378183031	1.006443346
60	0.6	50	5	chisq1	burch	2000	0	0.6745	0.6745	0.113	0.2125	0.249927736	1.027701712
60	0.6	50	5	chisq1	mc	2000	0	0.6725	0.6725	0.1235	0.204	0.2431909308	1
60	0.6	50	5	chisq1	npbootstrap	2000	0	0.899	0.899	0.024	0.077	0.4182667234	1.719910862
60	0.6	50	5	chisq1	searle	2000	0	0.674	0.674	0.131	0.195	0.244763589	1.006466763
61	0.6	10	2	gaussian	burch	2000	0	0.9285	0.9285	0.0335	0.038	0.7982816252	1.184520188
61	0.6	10	2	gaussian	mc	2000	62	0.929	0.9587203302	0.04127966976	0	0.6739282568	1
61	0.6	10	2	gaussian	npbootstrap	2000	0	0.9245	0.9245	0.0485	0.027	0.904713452	1.34244772
61	0.6	10	2	gaussian	searle	2000	0	0.9425	0.9425	0.026	0.0315	0.8592279172	1.27495458
62	0.6	10	2	t5	burch	2000	0	0.9035	0.9035	0.0455	0.051	0.8425519848	1.237524879
62	0.6	10	2	t5	mc	2000	83	0.899	0.9379238393	0.06207616067	0	0.6808364011	1
62	0.6	10	2	t5	npbootstrap	2000	0	0.9215	0.9215	0.045	0.0335	0.966431209	1.419476408
62	0.6	10	2	t5	searle	2000	0	0.923	0.923	0.0345	0.0425	0.8768826245	1.287949092
63	0.6	10	2	uniform	burch	2000	0	0.9525	0.9525	0.022	0.0255	0.7869151124	1.19137761
63	0.6	10	2	uniform	mc	2000	35	0.956	0.9730279898	0.02697201018	0	0.6605085626	1
63	0.6	10	2	uniform	npbootstrap	2000	0	0.938	0.938	0.043	0.019	0.8529754185	1.291391916
63	0.6	10	2	uniform	searle	2000	0	0.966	0.966	0.016	0.018	0.8335694055	1.262011505
64	0.6	10	2	chisq1	burch	2000	0	0.8405	0.8405	0.051	0.1085	0.9252456409	1.294520081
64	0.6	10	2	chisq1	mc	2000	186	0.8375	0.9233737596	0.07662624035	0	0.7147402766	1
64	0.6	10	2	chisq1	npbootstrap	2000	0	0.904	0.904	0.0315	0.0645	1.077215413	1.507142452
64	0.6	10	2	chisq1	searle	2000	0	0.854	0.854	0.0515	0.0945	0.9458796639	1.323389341
